{
    "success": true,
    "pattern": {
        "objects": [
            {
                "name": "Fachada principal",
                "type": "MESH",
                "location": [
                    12.691082954406738,
                    0.0,
                    5.747499465942383
                ],
                "rotation": [
                    1.5707963705062866,
                    -0.0,
                    0.0
                ],
                "scale": [
                    0.010000274516642094,
                    0.010000274516642094,
                    0.010000274516642094
                ],
                "dimensions": [
                    19.60000228881836,
                    9.59999942779541,
                    0.0
                ],
                "parent": null,
                "modifiers": []
            },
            {
                "name": "Fachada derecho",
                "type": "MESH",
                "location": [
                    19.600000381469727,
                    10.800000190734863,
                    4.800000190734863
                ],
                "rotation": [
                    -4.71238899230957,
                    -4.371138828673793e-08,
                    1.570796251296997
                ],
                "scale": [
                    0.010000274516642094,
                    0.010000274516642094,
                    0.010000274516642094
                ],
                "dimensions": [
                    21.600000381469727,
                    9.59999942779541,
                    0.0
                ],
                "parent": null,
                "modifiers": []
            },
            {
                "name": "Fachada Izquierda",
                "type": "MESH",
                "location": [
                    0.0,
                    10.800000190734863,
                    4.799999713897705
                ],
                "rotation": [
                    1.5707963705062866,
                    -1.1924882414859894e-08,
                    4.71238899230957
                ],
                "scale": [
                    0.010000274516642094,
                    0.010000274516642094,
                    0.010000274516642094
                ],
                "dimensions": [
                    21.600000381469727,
                    9.59999942779541,
                    0.0
                ],
                "parent": null,
                "modifiers": []
            },
            {
                "name": "Fachada opuesta",
                "type": "MESH",
                "location": [
                    9.066904067993164,
                    21.599998474121094,
                    3.696385622024536
                ],
                "rotation": [
                    1.570796251296997,
                    -0.0,
                    -3.141592502593994
                ],
                "scale": [
                    0.010000274516642094,
                    0.010000274516642094,
                    0.010000274516642094
                ],
                "dimensions": [
                    19.599998474121094,
                    9.59999942779541,
                    0.0
                ],
                "parent": null,
                "modifiers": []
            },
            {
                "name": "Corte 02",
                "type": "MESH",
                "location": [
                    10.78609848022461,
                    11.90974235534668,
                    2.664081573486328
                ],
                "rotation": [
                    1.5707963705062866,
                    -0.0,
                    1.5707963705062866
                ],
                "scale": [
                    1.0,
                    1.0,
                    1.0
                ],
                "dimensions": [
                    21.60000228881836,
                    9.600000381469727,
                    0.0
                ],
                "parent": null,
                "modifiers": []
            },
            {
                "name": "Corte 01",
                "type": "MESH",
                "location": [
                    5.150008201599121,
                    9.877721786499023,
                    0.2999997138977051
                ],
                "rotation": [
                    1.5707963705062866,
                    -0.0,
                    -3.141592502593994
                ],
                "scale": [
                    1.0,
                    1.0,
                    1.0
                ],
                "dimensions": [
                    19.599998474121094,
                    9.600000381469727,
                    0.0
                ],
                "parent": null,
                "modifiers": []
            },
            {
                "name": "Corte 03",
                "type": "MESH",
                "location": [
                    11.742547035217285,
                    8.807838439941406,
                    4.605312347412109
                ],
                "rotation": [
                    1.5707963705062866,
                    -0.0,
                    1.5707963705062866
                ],
                "scale": [
                    1.0,
                    1.0,
                    1.0
                ],
                "dimensions": [
                    21.600000381469727,
                    9.600000381469727,
                    0.0
                ],
                "parent": null,
                "modifiers": []
            },
            {
                "name": "Primer Nivel",
                "type": "MESH",
                "location": [
                    6.791255202642787e-08,
                    0.0,
                    0.2999997138977051
                ],
                "rotation": [
                    0.0,
                    0.0,
                    0.0
                ],
                "scale": [
                    1.0,
                    1.0,
                    1.0
                ],
                "dimensions": [
                    19.600000381469727,
                    21.600000381469727,
                    0.2999997138977051
                ],
                "parent": null,
                "modifiers": []
            },
            {
                "name": "Segundo Nivel",
                "type": "MESH",
                "location": [
                    0.0,
                    0.0,
                    3.500000476837158
                ],
                "rotation": [
                    0.0,
                    0.0,
                    0.0
                ],
                "scale": [
                    1.0,
                    1.0,
                    1.0
                ],
                "dimensions": [
                    19.600000381469727,
                    21.600000381469727,
                    0.30000099539756775
                ],
                "parent": null,
                "modifiers": []
            },
            {
                "name": "Tercer Nivel",
                "type": "MESH",
                "location": [
                    0.0,
                    0.0,
                    6.6999993324279785
                ],
                "rotation": [
                    0.0,
                    0.0,
                    0.0
                ],
                "scale": [
                    1.0,
                    1.0,
                    1.0
                ],
                "dimensions": [
                    19.600000381469727,
                    21.600000381469727,
                    0.0
                ],
                "parent": null,
                "modifiers": []
            }
        ]
    }
}